ID,Tx Amplitude at -7,Tx Amplitude at -6,Tx Amplitude at -5,Tx Amplitude at -4,Tx Amplitude at -3,Tx Amplitude at -2.5,Tx Amplitude at -2,Tx Amplitude at -1.5,Tx Amplitude at -1,Tx Amplitude at -0.5,Tx Amplitude at 0,Tx Amplitude at 1,Tx Amplitude at 2,Tx Amplitude at 3,Tx Amplitude at 4,Tx Phase at -7,Tx Phase at -6,Tx Phase at -5,Tx Phase at -4,Tx Phase at -3,Tx Phase at -2.5,Tx Phase at -2,Tx Phase at -1.5,Tx Phase at -1,Tx Phase at -0.5,Tx Phase at 0,Tx Phase at 1,Tx Phase at 2,Tx Phase at 3,Tx Phase at 4,Label,Trial
0,0.001891399,0.002083295,0.004217961,0.003733201,0.018894131,0.026596896,0.027008554,0.019225854,0.025426324,0.028831825,0.010877738,0.005250116,0.00331911,0.003085849,0.006194814,-2.058069187,-0.628391484,1.566439618,-0.128191621,0.23482683,0.175312723,0.503351691,0.840757033,0.634942998,0.372477383,0.053777194,-0.220243502,-2.933058313,0.824030824,-1.844181998,Hole,1
1,0.001892582,0.002078133,0.004217243,0.003735584,0.01889258,0.026582308,0.02706703,0.019299118,0.02540646,0.028816074,0.010895721,0.005200675,0.00326712,0.003079665,0.006195592,-2.055803284,-0.628356954,1.56612198,-0.127765116,0.234516928,0.175555796,0.501343691,0.841286413,0.635073219,0.37208414,0.051593625,-0.210717124,-2.900115867,0.824106459,-1.845349169,Hole,1
2,0.001892864,0.002078003,0.004215071,0.003734061,0.018895982,0.026556958,0.027070126,0.019292208,0.025358693,0.028768699,0.010904703,0.005263716,0.003189337,0.003065639,0.006198352,-2.055972873,-0.631318582,1.566666491,-0.128222718,0.234311697,0.174703407,0.499483185,0.841865241,0.633659044,0.372149325,0.052261016,-0.218681821,-2.892751703,0.826298775,-1.844914107,Hole,1
3,0.001896493,0.002073404,0.004215288,0.00373233,0.018890807,0.026565087,0.027061269,0.019284576,0.025356225,0.02875497,0.010917121,0.005226603,0.003202775,0.00306457,0.00619063,-2.054620822,-0.632169891,1.564895309,-0.128607262,0.234373699,0.174955981,0.498891657,0.841142494,0.634214935,0.371542695,0.050770375,-0.212246117,-2.902221473,0.829220489,-1.843084934,Hole,1
4,0.001891747,0.002077532,0.004215815,0.003731698,0.018899714,0.026537843,0.027081416,0.019306856,0.025351103,0.028717683,0.010903432,0.005275326,0.003213687,0.003073123,0.006186498,-2.055008114,-0.633476568,1.565966784,-0.128496975,0.23462435,0.174928526,0.499417268,0.841851683,0.633126439,0.372358285,0.050325762,-0.221953069,-2.903675398,0.826953387,-1.843601298,Hole,1
5,0.001896433,0.002086661,0.004215168,0.00373271,0.018900124,0.026529896,0.027066185,0.019281455,0.025357672,0.028675241,0.010921031,0.00528937,0.003241507,0.0030802,0.006192127,-2.055181226,-0.631535029,1.564404564,-0.129220015,0.234085995,0.174916846,0.49887785,0.842160341,0.633631394,0.372888151,0.047849701,-0.215699186,-2.912493092,0.825919919,-1.8438951,Hole,1
6,0.001896532,0.002084011,0.00422163,0.003737293,0.01890593,0.026527803,0.027092248,0.019310755,0.02536697,0.028711468,0.01093217,0.005232157,0.003228983,0.003085615,0.006193874,-2.056468349,-0.63512772,1.565905744,-0.127527668,0.234200577,0.175389207,0.49884059,0.84249844,0.634992968,0.373583784,0.048588627,-0.209969958,-2.929447974,0.825738254,-1.843129727,Hole,1
7,0.001900332,0.002073939,0.004222277,0.003732,0.018894406,0.026532104,0.027052619,0.019313824,0.025358627,0.028713945,0.010926112,0.00523545,0.003261975,0.003084649,0.006187461,-2.056062228,-0.63258558,1.565403801,-0.1280582,0.233971379,0.17522964,0.497586073,0.843173994,0.635020219,0.37362228,0.047565568,-0.211635564,-2.921648879,0.824557853,-1.844190483,Hole,1
8,0.001897143,0.00207802,0.004220581,0.003736413,0.018889132,0.026545709,0.027051972,0.019315578,0.025352272,0.028716408,0.010923471,0.005197443,0.003281901,0.003092457,0.006195998,-2.056378571,-0.631854418,1.565174755,-0.128974482,0.234378618,0.175691962,0.497946802,0.843737646,0.635006803,0.374081227,0.046376868,-0.205674847,-2.933812126,0.825815554,-1.849339201,Hole,1
9,0.001899127,0.00207442,0.00421947,0.003740203,0.018899139,0.026537388,0.027071348,0.019327433,0.025374496,0.028694317,0.01093256,0.00517542,0.003290139,0.003096024,0.006195342,-2.052793617,-0.634091615,1.566292123,-0.127423508,0.234093423,0.175237629,0.497778227,0.844381227,0.636018634,0.374619542,0.046340756,-0.207189309,-2.936902105,0.825453547,-1.84763495,Hole,1
10,0.00189654,0.002079498,0.004221264,0.003738293,0.018903998,0.026516787,0.02706564,0.019330521,0.02536318,0.028693967,0.010968707,0.005199046,0.003273628,0.003090682,0.006189693,-2.054793499,-0.636796053,1.566179651,-0.126986801,0.233917499,0.17552585,0.497231928,0.84569558,0.635267795,0.374951422,0.046486717,-0.209471381,-2.938511557,0.826375721,-1.848284989,Hole,1
11,0.001902641,0.002085148,0.004225017,0.003738138,0.018896057,0.026512429,0.027064709,0.019279037,0.025397441,0.02867582,0.010950764,0.005191515,0.003303691,0.003069775,0.006184044,-2.055103086,-0.632776006,1.56674422,-0.128026674,0.234462123,0.174956277,0.49638578,0.844769098,0.635210256,0.374173315,0.050583649,-0.207788467,-2.944938834,0.830295354,-1.848900805,Hole,1
12,0.001899031,0.002084603,0.004223353,0.003741498,0.018906036,0.026517855,0.027075022,0.019268974,0.025384081,0.028707026,0.010944095,0.00520397,0.003337559,0.003074182,0.00618723,-2.052689737,-0.634343021,1.566134997,-0.127503833,0.234151304,0.175573873,0.495814413,0.843815762,0.635935188,0.374267682,0.050068057,-0.211970536,-2.97419671,0.827479565,-1.853276268,Hole,1
13,0.001898282,0.002074141,0.004219482,0.003745071,0.018901825,0.026540625,0.027065945,0.01922457,0.025408341,0.028696493,0.010932463,0.005214187,0.003378463,0.003048328,0.006192093,-2.054429738,-0.63586629,1.566025043,-0.123579693,0.233655069,0.175108546,0.495697691,0.843611209,0.635256731,0.3742778,0.049847495,-0.209783056,-2.975996045,0.832414613,-1.855375947,Hole,1
14,0.001900873,0.002084181,0.004219419,0.003743472,0.018884952,0.026521936,0.027072344,0.019240744,0.025418427,0.028696695,0.010938154,0.005215509,0.00333034,0.003041568,0.00619598,-2.05286873,-0.634612193,1.566807289,-0.125070317,0.233268492,0.175133375,0.496087581,0.843630045,0.63685228,0.373664375,0.050498179,-0.209672407,-2.949581381,0.833781102,-1.858369048,Hole,1
15,0.001693658,0.00158298,0.002892434,0.004240374,0.017851474,0.021709653,0.027086368,0.023871995,0.023151843,0.030947721,0.022361053,0.006600134,0.003648161,0.002048396,0.00226184,-2.321073125,-0.539325104,2.561096655,0.220531572,0.487469625,0.328683289,0.389010927,0.545570812,0.489714067,0.252911309,0.230368844,-1.982825518,-2.979850612,-0.246662229,-1.789013616,Hole,2
16,0.001689374,0.001581058,0.002898123,0.004243159,0.017879608,0.021741552,0.027093261,0.023871039,0.02312609,0.030988736,0.022366411,0.006602263,0.003641448,0.002044942,0.002279206,-2.320910339,-0.540199573,2.559972274,0.215467175,0.487186056,0.329093612,0.38806083,0.545142026,0.489170869,0.253140461,0.229372452,-1.981831918,-2.977786856,-0.246907815,-1.802526139,Hole,2
17,0.001685591,0.001582425,0.002897809,0.004260215,0.017857209,0.021742333,0.027098413,0.02389325,0.023153158,0.030993128,0.02236551,0.006598776,0.003635595,0.002050745,0.002275892,-2.319194525,-0.54083262,2.560701119,0.209243029,0.490813461,0.328934554,0.387877702,0.544523479,0.490296547,0.255166315,0.231973113,-1.981326401,-2.976304826,-0.243543043,-1.804918299,Hole,2
18,0.001690255,0.001584478,0.002900832,0.004248762,0.017831583,0.021746296,0.027080757,0.023878406,0.023166356,0.031048597,0.022347343,0.006599832,0.00363795,0.002048158,0.002266702,-2.318964362,-0.539007511,2.560969261,0.212971525,0.489367972,0.329411999,0.387613875,0.544204311,0.490880468,0.25611173,0.23121334,-1.983626813,-2.976439158,-0.24377798,-1.804516082,Hole,2
19,0.001689891,0.001584224,0.00289636,0.004227784,0.017856461,0.021758194,0.027100317,0.023900992,0.023163944,0.031036639,0.022337683,0.006602541,0.003640578,0.00205404,0.002269153,-2.318456773,-0.541158933,2.559552361,0.211975973,0.487788846,0.329096265,0.387435892,0.544049184,0.490573572,0.255214425,0.228957086,-1.982765369,-2.978214762,-0.243627084,-1.80796565,Hole,2
20,0.001682169,0.001581463,0.002900013,0.004242275,0.017864971,0.021752019,0.027102869,0.023912143,0.023178576,0.031042824,0.02230883,0.006604005,0.003639754,0.002119722,0.002259916,-2.319845573,-0.538768081,2.560335052,0.211207395,0.488405028,0.329347512,0.387996989,0.543411641,0.491937006,0.254154778,0.227380749,-1.982134031,-2.97440991,-0.24360369,-1.814196746,Hole,2
21,0.00168277,0.001585839,0.002898682,0.004218963,0.017843752,0.021738986,0.02711011,0.023887192,0.023159369,0.03101552,0.022295131,0.006607994,0.003628962,0.002091435,0.002256213,-2.314949276,-0.541077561,2.55966625,0.212513729,0.489407835,0.329367827,0.38706782,0.543017238,0.49120714,0.254603181,0.228046305,-1.981489621,-2.974337487,-0.254589161,-1.814104852,Hole,2
22,0.001675852,0.001583235,0.002909383,0.004222931,0.01784735,0.021747474,0.027105401,0.023885463,0.02314917,0.031055872,0.022312623,0.006603326,0.003625936,0.002118735,0.002251856,-2.31335106,-0.539560996,2.56027609,0.20835032,0.489458989,0.328983391,0.387535094,0.542612317,0.49111188,0.255242643,0.229293814,-1.981773429,-2.972650725,-0.249165366,-1.817382375,Hole,2
23,0.001667794,0.001583401,0.00290561,0.004228872,0.017858733,0.021742602,0.027112655,0.023884353,0.02315916,0.03103149,0.022295735,0.006602033,0.003631115,0.002114215,0.002247242,-2.314339417,-0.536933705,2.559431633,0.209417046,0.488203978,0.329802249,0.387136372,0.542429314,0.491655014,0.2549571,0.229520046,-1.981698887,-2.974838813,-0.258319071,-1.815921439,Hole,2
24,0.001668234,0.001583315,0.002903395,0.004206448,0.017862712,0.021755113,0.027097501,0.023896639,0.02315459,0.031077508,0.022276478,0.006605222,0.003623606,0.002112484,0.002246052,-2.315742433,-0.537208012,2.559782297,0.210190915,0.488759536,0.329698204,0.386804181,0.542512823,0.491336578,0.257295032,0.229296178,-1.980429132,-2.974921133,-0.250251292,-1.820552109,Hole,2
25,0.001674476,0.00158222,0.002905024,0.004210618,0.017852741,0.021748181,0.027104625,0.023874106,0.023155843,0.03105066,0.022284521,0.006607118,0.003614677,0.002109825,0.002241351,-2.314366852,-0.539884411,2.557165266,0.206487058,0.48918483,0.33019978,0.387229681,0.541854337,0.492112163,0.257627321,0.229989944,-1.980912288,-2.972906152,-0.247713048,-1.819676222,Hole,2
26,0.001667862,0.001579844,0.002907907,0.004220279,0.017849732,0.021757439,0.027088691,0.023872391,0.023139772,0.031081747,0.022282043,0.006603379,0.003615462,0.00211053,0.002238208,-2.313208795,-0.538263024,2.558491534,0.207071044,0.488521599,0.329535631,0.386868358,0.542235751,0.490426768,0.257391547,0.230686635,-1.980327899,-2.971428575,-0.267060327,-1.820104262,Hole,2
27,0.001667052,0.00158437,0.002909401,0.004209137,0.017869415,0.021762118,0.027094165,0.023865059,0.023168741,0.031066813,0.022284694,0.006606952,0.003617607,0.002114264,0.002239843,-2.317978573,-0.537114457,2.558547973,0.208620849,0.487628878,0.329911316,0.386372748,0.541876095,0.491099197,0.257193808,0.231257505,-1.979811143,-2.973261591,-0.260141748,-1.817529455,Hole,2
28,0.001670576,0.001583932,0.002904495,0.004224767,0.017850155,0.02177664,0.027094412,0.023857001,0.023193033,0.031073534,0.022290833,0.006600592,0.003614017,0.002087925,0.002242467,-2.319857639,-0.538128159,2.558169255,0.210386135,0.488845225,0.330600192,0.386408052,0.542442596,0.49313192,0.257332424,0.231959139,-1.979346994,-2.974501186,-0.271991466,-1.818289507,Hole,2
29,0.001664974,0.001579268,0.002913053,0.004214968,0.017842388,0.021793137,0.027096866,0.023867153,0.023185485,0.031073943,0.022283841,0.006603211,0.003618743,0.002076171,0.002241453,-2.318270583,-0.537035826,2.559151751,0.209176572,0.488291966,0.331171517,0.386824284,0.542492618,0.492310706,0.257583179,0.232059083,-1.979718679,-2.973241961,-0.270032667,-1.812346373,Hole,2
30,0.002914244,0.002152788,0.002699777,0.003687919,0.013832627,0.024112679,0.026023294,0.022827598,0.033491865,0.035979026,0.024854634,0.006751901,0.004744685,0.001709552,0.002121506,-2.713496389,0.161689611,1.942641904,0.005736159,0.30785138,0.508007732,0.498508091,0.620609645,0.233523475,0.168218591,0.039722799,-1.431770992,-3.082262589,0.473178407,-3.040402225,Hole,3
31,0.002917353,0.002155513,0.002704484,0.003692349,0.013833868,0.024117834,0.026027611,0.022855497,0.033531594,0.035985397,0.024850877,0.006764805,0.004730193,0.001702369,0.002123907,-2.713992517,0.162911209,1.941633366,0.007581088,0.30666652,0.508219239,0.49873152,0.620519627,0.233230969,0.168294586,0.038794317,-1.431355222,-3.081906802,0.473446188,-3.040494687,Hole,3
32,0.002916392,0.002150678,0.002703719,0.003697856,0.013832963,0.024114616,0.026024966,0.022877275,0.033545541,0.035999729,0.02485127,0.006770675,0.004732222,0.001704481,0.002120708,-2.715190326,0.159879849,1.942615852,0.007948795,0.306671245,0.508560852,0.499053,0.620512505,0.232851391,0.16796543,0.038541899,-1.429729899,-3.07832835,0.47257108,-3.040895705,Hole,3
33,0.002905196,0.002153732,0.00270208,0.003701567,0.013838064,0.024106595,0.026030002,0.022899388,0.033530976,0.036019937,0.02484092,0.006783883,0.004726178,0.001702814,0.002119839,-2.717675277,0.159453231,1.941914098,0.006706228,0.306707441,0.508851851,0.498945089,0.621088363,0.232015746,0.168294798,0.037459739,-1.430269148,-3.075768978,0.473584787,-3.041865637,Hole,3
34,0.002902124,0.002148945,0.002705346,0.003704435,0.013851095,0.024116963,0.026027563,0.022903822,0.033540941,0.0360405,0.024855269,0.006787567,0.004731175,0.001705685,0.002118652,-2.718646636,0.160708555,1.941152477,0.008756702,0.307132981,0.50853673,0.498583978,0.620145818,0.231747476,0.169258441,0.037904346,-1.429050688,-3.074412441,0.473109782,-3.04034528,Hole,3
35,0.00290626,0.002146801,0.002701976,0.003704772,0.013847894,0.024128354,0.026022298,0.022912659,0.033548989,0.03603607,0.024863927,0.006795133,0.004731263,0.001703417,0.002119576,-2.722199152,0.159674156,1.940714312,0.00800596,0.308083767,0.50829278,0.498398752,0.619948529,0.231537453,0.168779999,0.038237188,-1.429151124,-3.073963989,0.475427508,-3.041715073,Hole,3
36,0.002893738,0.002145672,0.002699782,0.003716457,0.013859813,0.024124549,0.026021367,0.022920706,0.033546677,0.036031368,0.024841428,0.006803254,0.004738029,0.00170393,0.002114061,-2.722162098,0.159340801,1.941170603,0.009382623,0.308554853,0.508111748,0.498672464,0.619842383,0.231020952,0.168748083,0.037609666,-1.427571781,-3.072773876,0.475497826,-3.039174725,Hole,3
37,0.002890306,0.002142519,0.00270576,0.003714038,0.013860342,0.024126859,0.026022553,0.022927682,0.033523373,0.036006743,0.024860393,0.006814511,0.004735008,0.001708648,0.002123965,-2.724178052,0.15776382,1.939756417,0.010245587,0.308391273,0.507873844,0.498451018,0.620006911,0.23099975,0.168058836,0.037921977,-1.426660426,-3.07465254,0.479100799,-3.041832035,Hole,3
38,0.002878288,0.002146326,0.002698839,0.003719362,0.013853741,0.024122254,0.026015063,0.022947268,0.033549971,0.036019857,0.024852598,0.00682288,0.00473655,0.00170381,0.002117614,-2.721086323,0.158532368,1.938490659,0.008998053,0.307325929,0.507847558,0.498813457,0.61958225,0.231884795,0.167820281,0.036716567,-1.425139862,-3.074708987,0.478215232,-3.041457266,Hole,3
39,0.002881354,0.002141566,0.002706821,0.003718614,0.013851553,0.024113516,0.026021427,0.022959876,0.033548988,0.035991917,0.024868741,0.006827608,0.00472805,0.001706352,0.002118984,-2.719856385,0.156232342,1.938153387,0.010754455,0.307537788,0.508057124,0.498563816,0.619652175,0.231542456,0.166823843,0.037966139,-1.424663582,-3.075036903,0.477364947,-3.038985147,Hole,3
40,0.00288526,0.002144367,0.002698887,0.003721443,0.013861302,0.024113642,0.025998332,0.02296781,0.033544667,0.036013257,0.024877399,0.006832498,0.004725297,0.001705817,0.002119309,-2.718528456,0.154892577,1.938244615,0.011167267,0.306428897,0.508058064,0.498556698,0.619640049,0.23100276,0.167573121,0.038453125,-1.424346749,-3.074991675,0.480108945,-3.03940368,Hole,3
41,0.002887083,0.002141042,0.002690274,0.003721671,0.013852084,0.024121689,0.0260081,0.0229711,0.033563081,0.03602065,0.024878612,0.006837568,0.00472004,0.001706868,0.002117078,-2.720376719,0.157719341,1.938847319,0.014779434,0.305280586,0.507880802,0.498766398,0.619455297,0.231396659,0.167440429,0.03784332,-1.422339328,-3.073473509,0.480397366,-3.040442126,Hole,3
42,0.002886291,0.002129714,0.002687843,0.003730941,0.013855077,0.024120416,0.026015781,0.022975089,0.033617501,0.036011698,0.02487398,0.006845082,0.004719452,0.001707274,0.002116352,-2.718045556,0.160206627,1.937743656,0.013999061,0.304480801,0.507859287,0.498130374,0.619432381,0.231018159,0.167353562,0.037807516,-1.421644282,-3.072635581,0.481067983,-3.039658537,Hole,3
43,0.002891331,0.002131081,0.002701967,0.003736649,0.013857354,0.024131717,0.026006908,0.022993622,0.033641583,0.036037688,0.02486632,0.006851705,0.004719288,0.001712437,0.00211458,-2.717528114,0.157027088,1.940124829,0.015228065,0.302965551,0.507555799,0.498403476,0.619508836,0.231728921,0.167856744,0.037506431,-1.420372565,-3.071543992,0.483711891,-3.038059571,Hole,3
44,0.002897005,0.002133925,0.002686478,0.003735909,0.013859362,0.024118759,0.02599783,0.023001785,0.033640189,0.03607014,0.024853475,0.006852707,0.004720321,0.001711597,0.00211868,-2.718313022,0.15699073,1.941119339,0.015732097,0.305446536,0.507659342,0.498781945,0.619474544,0.231484951,0.168293234,0.038240709,-1.419126463,-3.06980325,0.484574722,-3.039993641,Hole,3
45,0.002823092,0.002586731,0.002512612,0.005853608,0.010890714,0.019201925,0.023869907,0.023214446,0.022598909,0.024432564,0.01929093,0.005613137,0.006115251,0.00370484,0.002644639,-2.853976391,0.318424996,1.521633376,0.515173577,0.578603154,0.439544507,0.343113523,0.483467526,0.094737307,-0.03589731,-0.192507213,-2.048490476,2.334692465,0.707400187,-1.968840505,Hole,4
46,0.002850311,0.002581481,0.002509875,0.005854423,0.010888509,0.019207824,0.023876431,0.023225885,0.022607042,0.024417241,0.019289925,0.005622263,0.006106765,0.00370453,0.002650753,-2.851780099,0.319162683,1.520578582,0.514346978,0.580914643,0.439761351,0.343064204,0.482196872,0.093465801,-0.035738862,-0.193486112,-2.04883855,2.332493432,0.707617048,-1.968214272,Hole,4
47,0.002851819,0.002580896,0.002519675,0.00585218,0.010888122,0.019204963,0.0238792,0.023213139,0.022629325,0.024424923,0.019264962,0.005627199,0.006102263,0.003697163,0.002656678,-2.850943363,0.317316538,1.523743272,0.515366711,0.581106106,0.439705076,0.342988768,0.481959724,0.091819646,-0.037406177,-0.192442579,-2.047795226,2.331986485,0.707532048,-1.968699681,Hole,4
48,0.002849155,0.002583545,0.002524819,0.005846971,0.010885566,0.019209075,0.023869746,0.023208811,0.022657943,0.024394672,0.019262842,0.005630774,0.006103718,0.003693052,0.002646495,-2.853688455,0.319781027,1.520994373,0.516406906,0.581432242,0.438825108,0.342903328,0.482191598,0.09373872,-0.037424243,-0.192838002,-2.047039618,2.333151098,0.707710586,-1.969913906,Hole,4
49,0.00284706,0.002577083,0.002523539,0.005858503,0.010900521,0.019197014,0.023889226,0.023213807,0.022691793,0.024389115,0.019274978,0.005628956,0.00610028,0.003702776,0.002644713,-2.85311476,0.319030618,1.523175507,0.515576537,0.581422342,0.43954563,0.343127622,0.482013465,0.097043443,-0.037977608,-0.191378705,-2.048090372,2.328548967,0.708519514,-1.973571251,Hole,4
50,0.002856284,0.002583443,0.00252385,0.005858225,0.010896995,0.019206837,0.023883426,0.023215012,0.022680199,0.024405414,0.019278589,0.005620341,0.006094273,0.003697665,0.002635608,-2.854605627,0.318512423,1.523024166,0.516312438,0.582834259,0.440059927,0.343307386,0.481541891,0.098778735,-0.037594492,-0.189076168,-2.045366941,2.329519062,0.710442128,-1.972442894,Hole,4
51,0.002854275,0.002584164,0.002523688,0.005873792,0.010905632,0.019209004,0.023889993,0.023225341,0.022671936,0.024403323,0.019247368,0.005625042,0.006088523,0.003700163,0.002664672,-2.854507667,0.318049469,1.524423818,0.519120347,0.582312081,0.439232761,0.343462974,0.481265376,0.097366909,-0.037349196,-0.189601467,-2.044114124,2.329257322,0.714057431,-1.968225977,Hole,4
52,0.002855491,0.002592756,0.002518052,0.005899357,0.010901127,0.019222033,0.023884435,0.023215278,0.022689097,0.02440428,0.019242277,0.005635236,0.006085622,0.003691022,0.002652883,-2.858479202,0.317722774,1.522980264,0.522588872,0.581860491,0.438372687,0.34287552,0.481384007,0.099823072,-0.037314731,-0.188464644,-2.043628732,2.327585154,0.712591624,-1.966687414,Hole,4
53,0.002855616,0.002585221,0.002522209,0.005890774,0.010895096,0.01922698,0.023893862,0.023217353,0.022729632,0.0243893,0.019256417,0.005646579,0.00608016,0.003694428,0.002632327,-2.858958986,0.316110233,1.519557445,0.521406722,0.583090249,0.438620572,0.343410623,0.480769048,0.103107931,-0.03857488,-0.188757171,-2.045924409,2.328312392,0.714270235,-1.970557725,Hole,4
54,0.002856762,0.002588967,0.002526916,0.005885029,0.010906253,0.019220199,0.023899558,0.023223319,0.022718237,0.024374998,0.019254715,0.005647505,0.006081819,0.003694521,0.002649382,-2.858882729,0.317590901,1.520333081,0.520342955,0.583150706,0.438589412,0.343110667,0.480107147,0.103640057,-0.038375637,-0.188090903,-2.045842229,2.327720375,0.715773404,-1.968321019,Hole,4
55,0.00285797,0.002585703,0.002528192,0.005883163,0.010919854,0.019222076,0.023890257,0.023221637,0.022758949,0.024378473,0.019249269,0.005638963,0.006074363,0.003696066,0.002664933,-2.862966373,0.317300824,1.521137301,0.52096439,0.583624785,0.438324272,0.343442334,0.479933849,0.102610489,-0.03817101,-0.187254534,-2.043576905,2.324567533,0.714000763,-1.962520781,Hole,4
56,0.002866606,0.002588188,0.002532572,0.0058984,0.010919793,0.019225947,0.023896563,0.023206349,0.022769445,0.024355904,0.01923015,0.005626178,0.006089063,0.003700368,0.002658386,-2.866687263,0.316237566,1.520428434,0.522690323,0.582685651,0.438365908,0.342734055,0.479473606,0.101423097,-0.037664414,-0.185139777,-2.041459187,2.324252953,0.71490488,-1.961525432,Hole,4
57,0.00286008,0.002599131,0.002529765,0.005887347,0.010921542,0.019215295,0.023908144,0.02321931,0.02280548,0.024340626,0.019221357,0.005632994,0.006070903,0.003700155,0.002617688,-2.867015845,0.313181666,1.522961876,0.522773065,0.582973916,0.438387036,0.343081676,0.47988336,0.101736562,-0.037057518,-0.18476519,-2.041577964,2.323865983,0.714373738,-1.9687901,Hole,4
58,0.002860444,0.002605206,0.002528508,0.005925081,0.01091962,0.019231448,0.023898376,0.023220034,0.02279129,0.024342434,0.019232514,0.005620238,0.006076831,0.003705505,0.002619737,-2.867048621,0.311734315,1.521583435,0.526997424,0.58343901,0.43797947,0.343265948,0.479425322,0.102588868,-0.036770531,-0.184473915,-2.040346105,2.328068495,0.718671151,-1.97451294,Hole,4
59,0.002861098,0.002600846,0.002525215,0.005931617,0.010920459,0.019237717,0.023908161,0.023216222,0.022794408,0.024322564,0.019216903,0.005625528,0.006049731,0.003712592,0.002619334,-2.865742797,0.315359904,1.522291393,0.528907678,0.583335069,0.43781881,0.343173893,0.479301917,0.101088594,-0.036757853,-0.182904946,-2.037899937,2.348639073,0.718193363,-1.971484777,Hole,4
300,0.002520751,0.00235755,0.001612361,0.005479246,0.015432486,0.020980196,0.021438995,0.021007863,0.019162926,0.019941261,0.005872949,0.006309597,0.00220709,0.002061018,0.003328536,-1.345791263,1.613935726,-2.925425517,1.212620143,1.395801807,1.095640028,0.916561141,1.059164418,0.662743165,0.490906948,0.833939023,0.083975336,0.722113947,0.476569428,2.40390768,Hole,1
301,0.002522395,0.002351723,0.001602798,0.005481367,0.015433877,0.021014512,0.021455038,0.021000335,0.019166303,0.019950185,0.005887887,0.006295508,0.002206288,0.002057186,0.003320229,-1.346341143,1.614326307,-2.927855964,1.214320379,1.398612157,1.095521824,0.918117317,1.058849839,0.662000648,0.491936208,0.83296171,0.087009995,0.721858955,0.474622684,2.402693085,Hole,1
302,0.002515421,0.002352782,0.001608631,0.005477095,0.015427528,0.021012158,0.021469893,0.020999999,0.019164343,0.019958481,0.005882757,0.006276382,0.002206354,0.002055346,0.003319384,-1.345361308,1.61289059,-2.925262933,1.213642667,1.396920556,1.096203503,0.919836466,1.058820384,0.662561894,0.49090357,0.834156526,0.088421773,0.723364974,0.476579533,2.403868401,Hole,1
303,0.002521065,0.002350598,0.001611607,0.005480609,0.015439631,0.021000238,0.021457072,0.021008608,0.019146952,0.019953104,0.005885114,0.00625749,0.002213329,0.00205744,0.003319876,-1.344630336,1.612090486,-2.924774505,1.21399598,1.395124191,1.096890713,0.920412148,1.059333333,0.66345096,0.491816458,0.83340545,0.094365142,0.718747354,0.47383435,2.40367403,Hole,1
304,0.002519375,0.002348865,0.001608772,0.005474626,0.015445864,0.020990802,0.021478398,0.020994624,0.019159786,0.019963517,0.005885076,0.006208878,0.002205229,0.00205811,0.003315835,-1.344786805,1.610752274,-2.924594981,1.21200221,1.392604847,1.095685114,0.921649151,1.059377696,0.662983299,0.491705793,0.832944835,0.099529423,0.719484214,0.474035948,2.404901109,Hole,1
305,0.00251595,0.002348041,0.001612292,0.005481357,0.015466962,0.02100335,0.021484162,0.020981828,0.019176506,0.019949222,0.005894869,0.006148453,0.002197573,0.002064324,0.00331701,-1.345247777,1.610477085,-2.925293843,1.21398813,1.392223979,1.095880073,0.923105183,1.059805901,0.662326446,0.491096751,0.832030059,0.103600449,0.719440724,0.473787305,2.404771737,Hole,1
306,0.002514602,0.002350963,0.001611692,0.005472385,0.015456893,0.021010462,0.02147985,0.02100659,0.019179637,0.019954394,0.005899108,0.006060704,0.002198343,0.00206588,0.003314139,-1.345250411,1.610282883,-2.92499358,1.213681564,1.392605891,1.096580867,0.923354343,1.059659923,0.661916213,0.491206411,0.831833307,0.105817382,0.716993002,0.474152946,2.404554911,Hole,1
307,0.002516349,0.002345811,0.001611275,0.005476083,0.015469386,0.020987527,0.021498607,0.021022714,0.019185972,0.019947582,0.005909012,0.005988034,0.002195582,0.002059516,0.003307946,-1.34465177,1.609507322,-2.922105899,1.215606131,1.389794211,1.097359711,0.923885799,1.060092388,0.661448856,0.491526404,0.831209159,0.103155695,0.714031868,0.47363709,2.404387154,Hole,1
308,0.002514978,0.002342724,0.00160997,0.005475145,0.015490521,0.021005276,0.021484875,0.021028971,0.019177612,0.019954505,0.00590338,0.005928934,0.002196103,0.002058625,0.003313343,-1.345650298,1.606329243,-2.924764362,1.21387551,1.389373729,1.09544518,0.923974091,1.059097437,0.661352832,0.491489862,0.831369377,0.099758757,0.71516668,0.473109893,2.404854516,Hole,1
309,0.002514544,0.002345813,0.001609314,0.005481264,0.015519227,0.021008754,0.021483349,0.021009574,0.019156393,0.019947565,0.005908352,0.005870489,0.00219902,0.002064179,0.003307937,-1.344194712,1.606177292,-2.923011741,1.214733458,1.389197118,1.096279995,0.923873857,1.058927195,0.661383217,0.491496684,0.830741298,0.094707417,0.713755475,0.472660967,2.405181527,Hole,1
310,0.002512916,0.002341473,0.001612262,0.005469379,0.015516275,0.021007319,0.021461984,0.020991969,0.019142071,0.019956281,0.00590882,0.005829347,0.002196374,0.002064158,0.003310514,-1.343786454,1.606463095,-2.919913481,1.21439847,1.38769089,1.09553789,0.923340905,1.058605114,0.660922572,0.492273084,0.830637072,0.088566826,0.712831329,0.472904738,2.404821912,Hole,1
311,0.002519759,0.002341206,0.001614958,0.00547423,0.015522442,0.021007367,0.02148227,0.021001183,0.019134836,0.019940612,0.005906457,0.005807029,0.00219874,0.002063907,0.003303959,-1.344998651,1.604374243,-2.920390769,1.216117015,1.385760866,1.096134101,0.922646223,1.059623978,0.660774101,0.491690225,0.831012474,0.083487076,0.713491881,0.469969148,2.405155446,Hole,1
312,0.002515929,0.002341996,0.001617797,0.005475912,0.015511013,0.021004154,0.021476215,0.021015863,0.019119471,0.019949911,0.005914079,0.005782206,0.002194754,0.002067688,0.00330647,-1.346072799,1.602024168,-2.922686582,1.216227112,1.386115903,1.096302606,0.922588864,1.059840447,0.662239321,0.492185403,0.831053762,0.078330518,0.714234081,0.473354054,2.404818536,Hole,1
313,0.002518019,0.002345844,0.001619286,0.005475779,0.015520411,0.021012178,0.021488081,0.021000257,0.019098422,0.019953614,0.005911657,0.005764849,0.002194225,0.002060501,0.0033023,-1.344412572,1.60283119,-2.920685769,1.217539403,1.388115482,1.096344449,0.923183667,1.060108422,0.662982845,0.49164379,0.83090622,0.071933028,0.711284894,0.471258146,2.405034136,Hole,1
314,0.002518254,0.00234445,0.001614629,0.005473143,0.015504836,0.021007093,0.02149289,0.020987595,0.019110894,0.019950698,0.005916426,0.005756178,0.002190241,0.002063053,0.003299335,-1.345230568,1.60288558,-2.922047213,1.216512928,1.388190008,1.096999862,0.922794454,1.05979592,0.663896979,0.492822428,0.82951041,0.066230511,0.713984942,0.472911863,2.406421298,Hole,1
315,0.001549258,0.002955231,0.002056567,0.007444533,0.017661807,0.01867674,0.016328988,0.018378458,0.014621891,0.015338908,0.007450688,0.002779774,0.001867087,0.001291101,0.001561339,-1.672585624,-1.176504605,1.449492851,1.071795244,1.20520252,1.230641316,1.120095203,1.078383753,1.043738316,0.881573841,0.23810286,0.1068829,1.29763128,-0.85668587,-1.769663422,Hole,2
316,0.001547265,0.002958019,0.002064134,0.007441211,0.017656943,0.018679794,0.016317565,0.01836881,0.01460407,0.015350257,0.007453176,0.00271378,0.001877404,0.001295194,0.001560175,-1.673387034,-1.175731211,1.450823176,1.070721052,1.20697894,1.23020304,1.12070057,1.078100004,1.043811676,0.880638503,0.23677394,0.112469736,1.296725777,-0.858558286,-1.770185894,Hole,2
317,0.0015537,0.002963761,0.002066807,0.007453505,0.017668025,0.018687618,0.016330707,0.018371691,0.014610613,0.015356346,0.007459284,0.002711757,0.001877669,0.001292302,0.001524601,-1.67221415,-1.178469245,1.453206064,1.071706951,1.206967727,1.229844038,1.120528313,1.077501398,1.043729575,0.880417308,0.23518053,0.089500647,1.295687341,-0.859318937,-1.757376095,Hole,2
318,0.001553298,0.002971187,0.002064845,0.007448852,0.017657559,0.01868598,0.016335493,0.018380908,0.014601969,0.015351649,0.007457053,0.002736576,0.001879424,0.001285353,0.001525662,-1.675915935,-1.177845424,1.452725472,1.071170902,1.207571859,1.229607311,1.120209365,1.07797931,1.04424175,0.881226309,0.234403095,0.097682103,1.291983966,-0.859031086,-1.757881563,Hole,2
319,0.001558629,0.002979671,0.002064097,0.007454772,0.017665387,0.018684674,0.0163249,0.018371298,0.01460911,0.015354192,0.007470269,0.002765597,0.001882417,0.001289166,0.001522742,-1.67522175,-1.179398893,1.450364405,1.072258447,1.207853709,1.229846426,1.119400205,1.078004975,1.043699395,0.880899402,0.234616455,0.107618585,1.294429218,-0.859360786,-1.76105947,Hole,2
320,0.001547773,0.002977596,0.002065547,0.007447397,0.017665258,0.018691849,0.016325185,0.018367916,0.014609247,0.015355033,0.007470952,0.002660576,0.001891254,0.001284806,0.001530214,-1.675378404,-1.178721179,1.453232308,1.072061599,1.206656269,1.229755891,1.119922372,1.077895213,1.044444954,0.880915128,0.233719243,0.100325476,1.29423814,-0.860642284,-1.756270248,Hole,2
321,0.001541595,0.002978137,0.002067152,0.007450412,0.017654258,0.018701833,0.016339848,0.018374478,0.014613108,0.015356779,0.007487952,0.002572199,0.001893009,0.001287658,0.001532743,-1.672718536,-1.179137893,1.451216447,1.0701663,1.207475626,1.22929486,1.119207135,1.078228432,1.043876022,0.880583044,0.234010943,0.088389069,1.293467446,-0.857825545,-1.754040091,Hole,2
322,0.00153828,0.002983818,0.002062063,0.007451351,0.017653078,0.018704951,0.016332288,0.01837548,0.014606671,0.015352416,0.007497143,0.002569148,0.001898088,0.001284238,0.001532301,-1.674446691,-1.180386001,1.451557057,1.071095734,1.206611048,1.229483442,1.118695915,1.077518017,1.044078939,0.880819249,0.232025689,0.081682084,1.297582193,-0.861403426,-1.758036918,Hole,2
323,0.001546438,0.002986374,0.002066539,0.007452516,0.017654122,0.018710971,0.016318522,0.018380477,0.014609022,0.015366243,0.007512963,0.00257491,0.001892667,0.001283898,0.001530089,-1.676210287,-1.180544423,1.451151779,1.070323491,1.207206146,1.22933352,1.118066247,1.078348404,1.043439138,0.880980968,0.233471385,0.084057663,1.294324928,-0.863494658,-1.76193903,Hole,2
324,0.00154328,0.00299029,0.002067586,0.00746108,0.01765768,0.018701605,0.016333703,0.018380346,0.014609939,0.01536801,0.007527445,0.002581351,0.001900024,0.001281236,0.001528784,-1.671450814,-1.180652086,1.450787093,1.071422637,1.207117066,1.228721612,1.119331608,1.077675098,1.044327245,0.880982619,0.23349554,0.083212052,1.29462927,-0.866171157,-1.764934228,Hole,2
325,0.00153873,0.002991467,0.002063243,0.007461708,0.017645611,0.018695845,0.016334973,0.018382254,0.014601113,0.015370628,0.007545234,0.002592039,0.001904496,0.001280354,0.001535667,-1.672221991,-1.180595081,1.452147627,1.071042063,1.207448596,1.228270997,1.119558083,1.076893297,1.044324137,0.881003899,0.234600537,0.087428875,1.292868232,-0.861545541,-1.766421987,Hole,2
326,0.001531192,0.002995117,0.002066119,0.007465113,0.017653937,0.018688412,0.016330693,0.018365899,0.014606642,0.015371764,0.007569429,0.002600005,0.001899701,0.00128121,0.001536539,-1.673926658,-1.181104085,1.449785175,1.0716639,1.207118011,1.228114226,1.119317566,1.07747556,1.043921181,0.881393206,0.235560697,0.091783933,1.294547941,-0.862209341,-1.766821663,Hole,2
327,0.00153322,0.002998729,0.002062623,0.007463373,0.017662833,0.01870093,0.016332741,0.018375912,0.014604449,0.015380932,0.007596812,0.002593162,0.001906763,0.001281957,0.001534484,-1.67039072,-1.180586843,1.452178859,1.072077364,1.207324218,1.227131231,1.119890113,1.076807934,1.044241029,0.880438698,0.235832798,0.089198065,1.292761757,-0.860845179,-1.774093627,Hole,2
328,0.001533851,0.00299698,0.002062075,0.007460269,0.017671608,0.018693854,0.01632648,0.018371011,0.014599656,0.015373747,0.007617946,0.002594696,0.001908704,0.001277491,0.001540017,-1.671963179,-1.181961041,1.45266183,1.071486286,1.206693486,1.226844842,1.119513699,1.077011298,1.044522645,0.880473166,0.232628353,0.091021737,1.292159154,-0.864111646,-1.771336239,Hole,2
329,0.00153808,0.0029994,0.00206715,0.007472331,0.017670524,0.018676655,0.01633411,0.01837266,0.014598612,0.01536609,0.007621637,0.002599557,0.001915044,0.001283587,0.001540301,-1.67118641,-1.182011208,1.451621236,1.071556164,1.206889793,1.226290958,1.119694274,1.076627519,1.045197024,0.879920009,0.231049242,0.093974138,1.293105573,-0.866049888,-1.772674938,Hole,2
330,0.000806999,0.001037227,0.001881795,0.006962724,0.013451813,0.022934361,0.024090574,0.028710026,0.026764553,0.02217367,0.007709672,0.004678923,0.002384079,0.001625295,0.001789937,2.654857597,0.543518809,-2.846641869,1.252369929,0.856246035,0.830189647,0.669855306,0.605340546,0.580547537,0.346908661,-0.223317114,-0.894692111,2.934699221,0.267827464,-2.139735193,Hole,3
331,0.000794826,0.001036242,0.001879402,0.006944979,0.013446188,0.022909874,0.024483373,0.028689096,0.026755217,0.022185584,0.007702311,0.004677321,0.002358873,0.00161673,0.001786687,2.656879954,0.546289272,-2.843364774,1.252746713,0.856036001,0.82852756,0.67889488,0.605005078,0.580477616,0.347377613,-0.228196581,-0.898051192,2.929506789,0.271111326,-2.147335688,Hole,3
332,0.000789255,0.001033035,0.001892331,0.006946846,0.013452549,0.022931149,0.024635586,0.028686354,0.026763207,0.022165861,0.007701393,0.004681004,0.002353995,0.001623576,0.001779293,2.66003449,0.543801727,-2.843483923,1.255484217,0.856527518,0.82840952,0.694415373,0.605117791,0.58028314,0.346714888,-0.226358269,-0.897536082,2.924547625,0.268476265,-2.151288132,Hole,3
333,0.000777608,0.001038084,0.001885881,0.00696043,0.013462991,0.022944996,0.024289523,0.028685461,0.02676416,0.022162768,0.007714019,0.004677578,0.002343588,0.001627703,0.001767095,2.642178681,0.539372031,-2.841433822,1.255351236,0.857555154,0.827267182,0.67949702,0.605394184,0.580349647,0.346696835,-0.228054278,-0.898478568,2.920850246,0.269881214,-2.146871829,Hole,3
334,0.000772833,0.001029708,0.001884478,0.006971281,0.013452834,0.022936302,0.024322012,0.028694341,0.026767787,0.02217196,0.00770375,0.0046911,0.002340011,0.001633116,0.001766062,2.640413334,0.542611979,-2.843089436,1.257236114,0.858167194,0.829118802,0.676765814,0.60554415,0.580440889,0.347341947,-0.22691207,-0.897533581,2.916261113,0.270625084,-2.146691349,Hole,3
335,0.00077217,0.001037067,0.001885792,0.006977024,0.013452517,0.0229591,0.024411285,0.028688568,0.026773142,0.022167558,0.007706102,0.004691809,0.002352001,0.001619176,0.001756359,2.642785499,0.540366644,-2.844994126,1.256923491,0.858974106,0.827858319,0.680576677,0.6052127,0.580888357,0.347263837,-0.226013388,-0.897207444,2.9167555,0.268968878,-2.146459565,Hole,3
336,0.000769802,0.001040948,0.001882421,0.007007265,0.013446763,0.022953462,0.024428871,0.028690298,0.026777027,0.022159279,0.007708877,0.004700919,0.002348502,0.001627165,0.001760304,2.644805821,0.542402929,-2.848901443,1.255284687,0.85886645,0.828058309,0.680558318,0.604953531,0.580819371,0.346569171,-0.227039819,-0.898530835,2.915125756,0.267852153,-2.137673202,Hole,3
337,0.000772172,0.001036673,0.001881245,0.007020427,0.013434329,0.02294877,0.024411862,0.028691489,0.026763767,0.02216614,0.007706983,0.004698785,0.002348086,0.001625788,0.001765939,2.643380538,0.542552264,-2.846647456,1.256831317,0.858850658,0.828066935,0.679813261,0.605541354,0.580630484,0.347710796,-0.226564477,-0.897043366,2.911022033,0.271468529,-2.137741324,Hole,3
338,0.000776813,0.001034872,0.001889369,0.007014758,0.01342718,0.022949951,0.026342677,0.02868288,0.02677218,0.022155781,0.007712188,0.004697073,0.002351013,0.00162049,0.00176811,2.644336449,0.538864864,-2.848769467,1.258588317,0.858353345,0.82667993,0.710354826,0.60580066,0.581345465,0.347358516,-0.226487069,-0.897258628,2.911772422,0.270235538,-2.13302003,Hole,3
339,0.000779048,0.001040289,0.001887329,0.007022651,0.013424098,0.022946688,0.026350651,0.028679006,0.026769261,0.022154337,0.007713499,0.004698231,0.002345177,0.001622413,0.001772278,2.640071235,0.532766914,-2.843069345,1.256670877,0.858582778,0.827279117,0.709440387,0.605469728,0.580894923,0.347657493,-0.226108801,-0.896921364,2.907895066,0.270855191,-2.141184957,Hole,3
340,0.000771841,0.00104177,0.001887956,0.007014868,0.01342579,0.022953846,0.026340043,0.028680139,0.026777024,0.022149869,0.007709912,0.004703475,0.002342737,0.001627818,0.001764324,2.637625171,0.541484737,-2.849086308,1.25635701,0.858433483,0.827379388,0.708414546,0.605103083,0.58071343,0.347763947,-0.226614975,-0.895473848,2.905174135,0.276167825,-2.15221946,Hole,3
341,0.000773143,0.001036025,0.001880398,0.007017109,0.013436004,0.022946965,0.026321863,0.02869298,0.026759761,0.022154746,0.007720273,0.004703258,0.00233202,0.001624542,0.001755742,2.632579348,0.539805831,-2.851035244,1.256311492,0.857839686,0.826001453,0.708421151,0.605848074,0.581278444,0.347782912,-0.225839556,-0.894644287,2.906176998,0.268971501,-2.158877921,Hole,3
342,0.00078026,0.001037762,0.0018852,0.007020094,0.013416908,0.022954301,0.026316724,0.028682785,0.026770229,0.022146129,0.007713773,0.004708481,0.00235267,0.001627133,0.001761932,2.643457281,0.541077948,-2.847317255,1.255107539,0.858306153,0.825635266,0.709376535,0.605364523,0.581404117,0.348154139,-0.225686179,-0.894643373,2.904397544,0.272628329,-2.161575555,Hole,3
343,0.000785202,0.001042992,0.001878328,0.007020702,0.013413846,0.022940573,0.026296292,0.028676192,0.026763927,0.022145048,0.007719117,0.004711067,0.002344961,0.00162162,0.00175266,2.635538573,0.54089674,-2.85014725,1.25512047,0.859177161,0.825083645,0.710328049,0.605253989,0.581644646,0.347701952,-0.225665113,-0.893300679,2.905617201,0.269181695,-2.168008921,Hole,3
344,0.000792668,0.001040904,0.001885169,0.007015152,0.013422476,0.022912989,0.026304346,0.02870149,0.026778746,0.022138256,0.007713896,0.004706458,0.002326419,0.00163059,0.001759033,2.638302798,0.531477358,-2.85115755,1.256007318,0.858570745,0.82228248,0.710355976,0.605297737,0.580990398,0.348484139,-0.226702381,-0.894900588,2.903054008,0.2700458,-2.173094823,Hole,3
345,0.002977781,0.002285184,0.001392975,0.003429862,0.013423288,0.02317705,0.022309623,0.020942455,0.021310702,0.021467032,0.013252972,0.002841481,0.001438728,0.001625295,0.001736531,-1.967067899,0.141627789,2.452037254,-1.521543021,-0.012433034,0.320538867,0.466689835,0.630906177,0.505760466,0.404233015,0.697244992,0.64683032,2.44916991,0.267827464,-2.865402608,Hole,4
346,0.002968034,0.002285724,0.001387196,0.003433762,0.013415813,0.023191345,0.022312247,0.020944094,0.021315895,0.021467169,0.013239159,0.002845257,0.001443736,0.00161673,0.001732904,-1.966528622,0.138531307,2.447705373,-1.521836307,-0.01077266,0.31967659,0.467539806,0.630481573,0.505413712,0.404080969,0.698249163,0.64709582,2.445911442,0.271111326,-2.865594426,Hole,4
347,0.002971164,0.002282931,0.001392521,0.003424808,0.013429307,0.023206454,0.022320115,0.020936433,0.021323116,0.021476449,0.01323287,0.002834198,0.001440254,0.001623576,0.001736166,-1.968300995,0.139093723,2.450090598,-1.524048671,-0.010848566,0.319013041,0.467299668,0.630952785,0.505363787,0.404853484,0.698825918,0.651505999,2.445675085,0.268476265,-2.865690576,Hole,4
348,0.002973553,0.00227969,0.001391414,0.003431783,0.01341623,0.02322326,0.022333161,0.020935435,0.02131768,0.021473507,0.013228992,0.002831765,0.001436949,0.001627703,0.001741304,-1.965251613,0.137722226,2.454614416,-1.523757022,-0.010067055,0.317329444,0.466667633,0.631124577,0.504261497,0.405501535,0.698975164,0.65283286,2.447201387,0.269881214,-2.864356261,Hole,4
349,0.002982912,0.002282156,0.001395631,0.003436403,0.013406588,0.023227804,0.022343816,0.020954502,0.021326068,0.021460846,0.013217799,0.002834192,0.001438206,0.001633116,0.001736773,-1.967534834,0.137023551,2.454700801,-1.522362431,-0.009593176,0.316132559,0.467723818,0.631456096,0.503766325,0.405892069,0.699073672,0.652416029,2.445957289,0.270625084,-2.866901339,Hole,4
350,0.002979874,0.002280885,0.00139856,0.003437156,0.013400176,0.023262448,0.0223417,0.020956194,0.021310027,0.021461206,0.013219743,0.00282891,0.001439593,0.001619176,0.001738744,-1.972913362,0.138561981,2.456356084,-1.523468252,-0.009410249,0.314907979,0.467331105,0.631772418,0.503677653,0.405914314,0.699176526,0.652897517,2.447153003,0.268968878,-2.870395177,Hole,4
351,0.002974875,0.002278374,0.001403937,0.003434363,0.01338999,0.023275277,0.02236981,0.020959142,0.021311216,0.021461715,0.013217395,0.002815223,0.001441075,0.001627165,0.001743609,-1.979400023,0.136978114,2.452565962,-1.523007311,-0.008715269,0.314147176,0.467874987,0.630211447,0.503259851,0.406146257,0.699991153,0.655687424,2.451369942,0.267852153,-2.868950942,Hole,4
352,0.002970353,0.002276236,0.001410921,0.003436383,0.013376056,0.023314012,0.022396273,0.020957189,0.021309161,0.021465917,0.013216211,0.002814642,0.001436164,0.001625788,0.001744699,-1.98327961,0.138875311,2.45370761,-1.522836746,-0.008303329,0.316807568,0.468007793,0.630137751,0.503752789,0.40565856,0.699400288,0.654957553,2.448628282,0.271468529,-2.868329521,Hole,4
353,0.002974516,0.002277413,0.00141159,0.003435394,0.013374221,0.023235875,0.022388365,0.020937299,0.021311243,0.021465702,0.013218029,0.002816716,0.001441274,0.00162049,0.001742535,-1.98358037,0.137262717,2.455805798,-1.522165938,-0.007802849,0.315890133,0.467542017,0.62988865,0.504044696,0.4049903,0.700929139,0.657471942,2.446455241,0.270235538,-2.86802888,Hole,4
354,0.002976696,0.002269237,0.001436888,0.003431388,0.013357899,0.023260566,0.022375401,0.020950464,0.021318923,0.021473324,0.013209184,0.002813124,0.001441305,0.001622413,0.001746953,-1.983024681,0.136735904,2.454085467,-1.522152598,-0.007292394,0.315153428,0.467604078,0.630174242,0.50390209,0.405032807,0.699948964,0.658829491,2.45075672,0.270855191,-2.868620964,Hole,4
355,0.002980142,0.002274971,0.001447858,0.00343065,0.013347806,0.023272925,0.022383685,0.020942004,0.021320663,0.021494959,0.013221983,0.002800985,0.001438282,0.001627818,0.001748409,-1.98442986,0.13670872,2.453663155,-1.524509313,-0.006927178,0.314544469,0.467499601,0.630481748,0.503060526,0.404631623,0.69917143,0.660330609,2.451988055,0.276167825,-2.871015824,Hole,4
356,0.002974658,0.002274401,0.001452066,0.003428725,0.013340724,0.023295122,0.022399368,0.020947607,0.021318717,0.021488775,0.01321347,0.002794936,0.00143867,0.001624542,0.001745536,-1.982990812,0.137591886,2.45402027,-1.522905559,-0.006746153,0.313684893,0.467608884,0.631071896,0.502233905,0.404762404,0.698599,0.663410085,2.450852007,0.268971501,-2.869404702,Hole,4
357,0.002985954,0.002271048,0.001448849,0.00343472,0.013326287,0.023311223,0.022423098,0.020952299,0.021322006,0.021498535,0.013216621,0.002794561,0.00144176,0.001627133,0.001755804,-1.981627844,0.1373357,2.454806504,-1.521534769,-0.005911307,0.312619264,0.467999107,0.631451163,0.502643135,0.404584351,0.699992589,0.661872236,2.450390628,0.272628329,-2.870606331,Hole,4
358,0.002977234,0.00227228,0.001455673,0.003434873,0.013308648,0.023324674,0.022421184,0.020954773,0.021328155,0.021489841,0.01322978,0.002780864,0.001438999,0.00162162,0.001753032,-1.983165291,0.140913222,2.45712643,-1.522074581,-0.005714112,0.312088107,0.467744077,0.631333049,0.502069125,0.404819208,0.700361501,0.662259717,2.45125606,0.269181695,-2.869227411,Hole,4
359,0.002979524,0.002275092,0.001451201,0.003436688,0.013318453,0.023347911,0.022416566,0.020969606,0.021311735,0.021484877,0.013227149,0.002774405,0.001445321,0.00163059,0.001757081,-1.985887739,0.140230919,2.459848253,-1.523246943,-0.005913905,0.312100517,0.467132691,0.630553578,0.501459564,0.405577536,0.70019014,0.664892141,2.448542643,0.2700458,-2.869485818,Hole,4
360,0.003451908,0.002410396,0.002215997,0.006061409,0.017459283,0.033089428,0.040619246,0.058026897,0.055631449,0.047747059,0.036343722,0.009448457,0.005611914,0.003330206,0.001911593,-1.169560775,2.150473851,-1.955337536,-1.681534566,0.423744163,0.830196656,0.884262323,0.856019738,0.692893721,0.45123413,0.28294137,-0.546649404,-3.065114435,-0.396881863,2.142618049,No Hole,1
361,0.003457291,0.002408208,0.002218613,0.006051893,0.017471586,0.033082619,0.040624277,0.058060452,0.055647924,0.047764908,0.036369127,0.009448581,0.00560783,0.003341702,0.001884197,-1.169058667,2.156012034,-1.958882636,-1.681060649,0.423375453,0.830055158,0.883702206,0.856131285,0.692265551,0.450711524,0.280406692,-0.546110096,-3.06634443,-0.397011424,2.125287272,No Hole,1
362,0.003458049,0.002403095,0.002222663,0.006051899,0.017478538,0.033090597,0.040619598,0.058018007,0.055609367,0.047745917,0.036417063,0.009452556,0.005599394,0.003330219,0.001891211,-1.170481508,2.151980872,-1.958905393,-1.679386774,0.423865774,0.829233089,0.883482225,0.855532726,0.692422691,0.45022188,0.27771195,-0.544415624,-3.068674776,-0.396895861,2.136118288,No Hole,1
363,0.003465741,0.002407535,0.002222912,0.006051962,0.01746038,0.03307996,0.040606253,0.057913357,0.055643818,0.047732438,0.036450197,0.009463005,0.005599228,0.003322851,0.001906776,-1.170059028,2.151226603,-1.955128081,-1.679825633,0.424016643,0.829016732,0.883782425,0.854943947,0.692353981,0.44959575,0.276124687,-0.542439737,-3.069758456,-0.396603121,2.160854883,No Hole,1
364,0.003462972,0.002407801,0.002221777,0.006059078,0.017462759,0.033103009,0.040593647,0.057961792,0.055632589,0.047743072,0.036471271,0.009459563,0.00559231,0.003332443,0.001916464,-1.171182378,2.151197495,-1.953926287,-1.679128026,0.423894895,0.82821357,0.883082674,0.853563,0.692793296,0.450116434,0.275721588,-0.542006179,-3.07029666,-0.397026102,2.175493598,No Hole,1
365,0.003468009,0.002411944,0.002219773,0.006046708,0.017464126,0.033111826,0.04062769,0.0579719,0.055683629,0.047785503,0.036447488,0.009451672,0.00557322,0.003316681,0.001944109,-1.169435062,2.156598972,-1.954031576,-1.677523897,0.423592263,0.827698757,0.88323173,0.854281604,0.693529859,0.451203606,0.276119524,-0.54097819,-3.078221671,-0.397482602,2.194763308,No Hole,1
366,0.003463994,0.002406925,0.002217347,0.006050454,0.017465036,0.03308851,0.04056588,0.057947208,0.055688685,0.047790449,0.036429754,0.009462872,0.005583574,0.003340152,0.00194083,-1.169696503,2.155274457,-1.957147521,-1.67786344,0.424081845,0.827565724,0.882988171,0.854206384,0.693858045,0.451199088,0.277168878,-0.542382348,-3.07671844,-0.398300917,2.211733165,No Hole,1
367,0.003470853,0.002401299,0.002219889,0.006043246,0.017459072,0.033079137,0.040582257,0.057942152,0.05575957,0.047816875,0.036464929,0.009438351,0.005584585,0.003278964,0.001939452,-1.172296725,2.149542995,-1.955881125,-1.677461065,0.424108622,0.826908138,0.88256218,0.853342441,0.692480563,0.450917425,0.279940709,-0.54180915,-3.076435021,-0.390831432,2.204092056,No Hole,1
368,0.003470755,0.002384535,0.002220952,0.006044226,0.017464336,0.033095638,0.040592084,0.057901544,0.055719182,0.047814222,0.036419217,0.009435444,0.005575171,0.003309338,0.001946261,-1.170168586,2.147295441,-1.956688653,-1.676075015,0.42351638,0.826624569,0.882826108,0.853090933,0.691910413,0.450541153,0.283289132,-0.542253979,-3.076982468,-0.396326226,2.218043521,No Hole,1
369,0.003478924,0.002373483,0.002226869,0.006046474,0.017463429,0.033087183,0.040572715,0.057965101,0.055684966,0.047873638,0.036405533,0.009412319,0.005571043,0.003328912,0.001946539,-1.174001042,2.145759827,-1.952541546,-1.67573616,0.423745994,0.826252101,0.882492107,0.854918158,0.691396725,0.450144056,0.281965215,-0.542241129,-3.077551908,-0.396617583,2.216717797,No Hole,1
370,0.00347173,0.002362504,0.002228296,0.006050038,0.017464973,0.03310703,0.040542315,0.05800882,0.055685721,0.047867214,0.036391288,0.009414844,0.005567409,0.003331485,0.001942726,-1.173364003,2.153848768,-1.953305648,-1.675939915,0.423589511,0.825856732,0.882168189,0.855063179,0.691767903,0.451090531,0.280534866,-0.544931558,-3.079100957,-0.396362569,2.216285975,No Hole,1
371,0.003474083,0.002358173,0.002232469,0.006043107,0.017465749,0.033110737,0.040555061,0.057920536,0.055782154,0.047836838,0.03644442,0.009400919,0.00556029,0.003347101,0.001950338,-1.173306616,2.159385138,-1.952525129,-1.675051853,0.423303242,0.82513803,0.881803215,0.855097251,0.692729491,0.450428037,0.278081707,-0.54497748,-3.08134383,-0.397069365,2.221469728,No Hole,1
372,0.00347577,0.002359426,0.002234438,0.006042203,0.017457399,0.033111613,0.040561451,0.05792746,0.055794302,0.047875028,0.036475946,0.009398103,0.005539564,0.003338883,0.00194939,-1.171916632,2.161159606,-1.953539773,-1.674259773,0.423797202,0.825070228,0.881654184,0.855014224,0.692319602,0.450961324,0.278093151,-0.547500296,-3.08377887,-0.397740509,2.232313992,No Hole,1
373,0.003479616,0.002358866,0.002233242,0.006048267,0.017465182,0.033095819,0.040562973,0.057959548,0.05579581,0.047875895,0.036483339,0.009399908,0.005532572,0.003337178,0.001936887,-1.172593073,2.160824897,-1.952978868,-1.67401657,0.423473296,0.824990821,0.881797391,0.857003394,0.691604659,0.451032822,0.278221235,-0.545718686,-3.085861606,-0.398066863,2.243794206,No Hole,1
374,0.003477695,0.00236273,0.002238527,0.006041875,0.017460769,0.033103884,0.040539163,0.057944893,0.055881737,0.047849345,0.036416689,0.009398153,0.005530253,0.003325875,0.001956808,-1.172819029,2.164157639,-1.950880057,-1.674659193,0.423718197,0.825015392,0.881209465,0.85755967,0.692593259,0.451360205,0.276331511,-0.547097906,-3.087498172,-0.397364751,2.258909535,No Hole,1
375,0.002441804,0.002649628,0.003223429,0.004555895,0.01668132,0.032140031,0.041454474,0.047356109,0.054533637,0.042519463,0.030920281,0.006210071,0.004416055,0.00200889,0.002933657,-2.296162746,2.705360193,-2.975305829,-1.389709795,0.802473926,0.820554156,0.858421874,0.546309649,0.61870403,0.484333016,0.435055548,-1.682330797,2.841387246,0.462120528,-2.411552244,No Hole,2
376,0.002442316,0.002639573,0.003239642,0.004549777,0.016694729,0.032100145,0.041454733,0.0473509,0.054540285,0.042539798,0.030957618,0.006210955,0.00442225,0.002007647,0.002936478,-2.295411119,2.704057106,-2.985186852,-1.391763103,0.799911233,0.819835401,0.858508117,0.545148604,0.616813234,0.485097334,0.437312515,-1.683195941,2.840820834,0.462826167,-2.411938692,No Hole,2
377,0.002443744,0.002629173,0.003234217,0.004550474,0.016707079,0.032114867,0.041444332,0.047358262,0.054541654,0.042545804,0.030974377,0.006210982,0.004423496,0.002004983,0.002939611,-2.299137061,2.703499558,-2.979128991,-1.394615988,0.799528847,0.819934081,0.857781609,0.54488419,0.616374004,0.485755963,0.438931683,-1.682332248,2.839381271,0.460373473,-2.409468351,No Hole,2
378,0.002441652,0.002625783,0.003245639,0.004552873,0.016693928,0.032134312,0.041459975,0.047403419,0.054504972,0.042571658,0.030999626,0.006207556,0.00442554,0.00200719,0.002935177,-2.300985237,2.700680968,-2.973905892,-1.391982827,0.801260643,0.819560275,0.85814137,0.545648135,0.61652227,0.486605508,0.436779263,-1.681308808,2.839943085,0.460111211,-2.408310503,No Hole,2
379,0.002446061,0.002613392,0.003240588,0.004556356,0.016687563,0.032135623,0.041424892,0.047383859,0.054525792,0.042580583,0.030991672,0.006205407,0.004423492,0.002011502,0.0029333,-2.303425033,2.699578063,-2.967413585,-1.392452759,0.801113591,0.819031178,0.857636811,0.545166423,0.616686837,0.486253945,0.435173342,-1.682195288,2.837864283,0.460405061,-2.406994773,No Hole,2
380,0.002462058,0.002607837,0.003215904,0.004547059,0.016696205,0.032116115,0.041449867,0.04740562,0.054514838,0.042539024,0.031051804,0.006212411,0.004430648,0.002009073,0.002935599,-2.30356966,2.700224265,-2.966132513,-1.391381222,0.801142887,0.818023278,0.858017127,0.546678425,0.617458602,0.487264555,0.435570762,-1.682021631,2.838036393,0.461100637,-2.40497768,No Hole,2
381,0.002457226,0.002609521,0.003198496,0.004548989,0.016685283,0.032131677,0.041447198,0.047406518,0.054572833,0.042513653,0.031101298,0.006210752,0.004428192,0.002010505,0.002933799,-2.303983365,2.700971251,-2.965855223,-1.393832202,0.801760111,0.818481972,0.857900068,0.546778596,0.617296357,0.486311225,0.435818665,-1.681914234,2.838140743,0.461344696,-2.401852383,No Hole,2
382,0.002453438,0.002601167,0.003208169,0.004552426,0.016698276,0.032142499,0.041442999,0.047458495,0.054515104,0.04250245,0.031097149,0.006213427,0.004433714,0.002010653,0.002933762,-2.30675753,2.701358324,-2.981509511,-1.393399755,0.801193142,0.818860266,0.857832368,0.547898462,0.617121903,0.48578785,0.436235021,-1.681764186,2.83745885,0.460109168,-2.401937011,No Hole,2
383,0.002454261,0.002600843,0.003223381,0.004556072,0.016705447,0.032131762,0.041451652,0.047492506,0.054509707,0.042503414,0.031130798,0.006215394,0.004430989,0.002007867,0.002935413,-2.307163697,2.700299321,-2.98429461,-1.396127328,0.802060568,0.818714649,0.857915113,0.548680638,0.617775408,0.48418808,0.435451657,-1.681740834,2.836691794,0.459691483,-2.399382093,No Hole,2
384,0.00245981,0.002596444,0.003220676,0.004560687,0.016708004,0.032157331,0.041421845,0.047417914,0.054525842,0.042471672,0.031098461,0.00621694,0.00443471,0.002011835,0.002929902,-2.310558651,2.6992845,-2.982699969,-1.396781278,0.80192297,0.817496268,0.858181997,0.548029201,0.617922996,0.483016311,0.434395941,-1.682670559,2.837732962,0.460688733,-2.397645969,No Hole,2
385,0.002461833,0.002595757,0.003207056,0.004550011,0.01670725,0.032124038,0.041437158,0.047381107,0.054549791,0.042434309,0.031132954,0.006218836,0.004437857,0.002006166,0.002929798,-2.310504508,2.698605022,-2.977623211,-1.396174589,0.801600868,0.818909574,0.857739187,0.547379267,0.618242495,0.483382779,0.433075039,-1.681271116,2.83656495,0.458838048,-2.395130665,No Hole,2
386,0.0024631,0.002589768,0.003200869,0.00455914,0.016696726,0.03214282,0.041447959,0.047460346,0.054509036,0.042435886,0.0311135,0.0062195,0.004434323,0.002007734,0.002930634,-2.313201307,2.698100469,-2.978766742,-1.398640846,0.801535868,0.81824647,0.857785513,0.548503595,0.617103367,0.483327957,0.432478443,-1.681671692,2.836696933,0.457954265,-2.39388703,No Hole,2
387,0.002453812,0.002592391,0.00319663,0.00455581,0.0167068,0.032131804,0.041461883,0.047517565,0.054522012,0.042427956,0.031159778,0.006216142,0.004437685,0.002006139,0.002923776,-2.316546496,2.697541424,-2.973211965,-1.397531042,0.801489483,0.817887062,0.85769197,0.549988149,0.616153276,0.483205154,0.432830911,-1.681870632,2.835786963,0.457721723,-2.392490166,No Hole,2
388,0.002461145,0.002589254,0.003207167,0.004556224,0.016719443,0.032145898,0.041436413,0.047497765,0.05447527,0.042445532,0.031174503,0.006215085,0.004435129,0.00200663,0.002920773,-2.320554546,2.696068037,-2.978207141,-1.396602302,0.800803929,0.817828576,0.857786426,0.551219904,0.616213904,0.482860681,0.432535376,-1.682956498,2.836652225,0.460088216,-2.390451754,No Hole,2
389,0.002461121,0.002594342,0.003221997,0.004554104,0.016722651,0.032129617,0.041455995,0.04743583,0.054514814,0.042447994,0.031200303,0.006213703,0.004452927,0.002004534,0.002924884,-2.321494383,2.695828704,-2.986440528,-1.397812671,0.801451526,0.817815208,0.857804068,0.550367326,0.617416654,0.484537559,0.435361975,-1.68308447,2.83832601,0.46189072,-2.388916196,No Hole,2
390,0.002548381,0.002827809,0.004138615,0.004858793,0.019800044,0.034926693,0.043418531,0.053512477,0.045002067,0.039765278,0.02927702,0.006177638,0.003565309,0.003068947,0.003173408,-2.951343077,-0.118792738,-2.799684127,-2.665944409,0.642418787,0.736451262,0.908597903,0.897423394,0.846927753,0.731718508,0.442969406,-0.486485458,2.386679439,-0.766579068,-2.823023653,No Hole,3
391,0.002511538,0.002829271,0.004122443,0.004855062,0.019818704,0.034906122,0.043444458,0.053545315,0.045057516,0.039824828,0.029230794,0.006184506,0.003566493,0.003071252,0.003175429,-2.949915732,-0.117477967,-2.800282409,-2.666069771,0.644322114,0.737860222,0.908049862,0.896333706,0.84973767,0.734291642,0.445790922,-0.487926547,2.385319093,-0.766731264,-2.824545793,No Hole,3
392,0.002478507,0.002833669,0.004123151,0.004854047,0.019799865,0.034885658,0.043434333,0.053518161,0.045062104,0.039850203,0.029209276,0.006183069,0.003563642,0.003073795,0.003174949,-2.948241167,-0.117909751,-2.801408081,-2.666444598,0.644506828,0.735034083,0.907527516,0.896783306,0.852142061,0.73599881,0.446589979,-0.487122858,2.384610132,-0.766363498,-2.823604163,No Hole,3
393,0.002452786,0.002834432,0.004133073,0.004849859,0.019809713,0.034922804,0.043477486,0.053559561,0.045024785,0.039846866,0.029245569,0.006187708,0.00356631,0.003069853,0.003173541,-2.946817118,-0.120184474,-2.799559157,-2.665939377,0.644798447,0.734603235,0.907445409,0.895704937,0.850207272,0.736539458,0.445245866,-0.4858651,2.382253356,-0.76510669,-2.824197567,No Hole,3
394,0.002433298,0.002834175,0.004120667,0.004842454,0.019796984,0.034903748,0.043477492,0.053529181,0.045036627,0.039816726,0.02927795,0.006189361,0.003578434,0.003072772,0.003178012,-2.947135825,-0.117884186,-2.800692562,-2.667189695,0.644466196,0.734530006,0.907115465,0.895309261,0.849679969,0.736529362,0.44361731,-0.487545581,2.379207918,-0.765648982,-2.824629855,No Hole,3
395,0.002409079,0.002838017,0.004118783,0.004842133,0.019785543,0.03488763,0.043475232,0.053532119,0.045028798,0.03982263,0.029254814,0.006191636,0.003591513,0.003073628,0.00317943,-2.947389103,-0.119520644,-2.801860456,-2.666049155,0.643368746,0.73386782,0.90634706,0.895602369,0.84923035,0.736647146,0.445967299,-0.488544061,2.377101054,-0.765581894,-2.823482828,No Hole,3
396,0.002388809,0.002837373,0.004107302,0.004843904,0.019793845,0.034877238,0.043466758,0.053519553,0.045023165,0.039815558,0.029229777,0.006195794,0.003600797,0.003072426,0.003181018,-2.948974123,-0.120004092,-2.803567629,-2.665263091,0.644053638,0.732554965,0.906392071,0.895460247,0.84915712,0.736723109,0.447991061,-0.486658342,2.371594089,-0.764818303,-2.823665531,No Hole,3
397,0.002364422,0.00284197,0.004097371,0.004834423,0.019784859,0.034889942,0.043479642,0.053558392,0.045016595,0.039799089,0.029248402,0.006200427,0.003611672,0.00307232,0.003179853,-2.948219669,-0.118063847,-2.805864551,-2.664826888,0.648535374,0.731319341,0.906736391,0.896471913,0.848945017,0.73453116,0.446127319,-0.485430841,2.365308055,-0.764205392,-2.824592905,No Hole,3
398,0.002332697,0.002843281,0.004159225,0.004830261,0.0197618,0.034891556,0.043489967,0.053546538,0.044966176,0.039784674,0.029271522,0.006193463,0.003615198,0.003076547,0.003182743,-2.950775556,-0.1188935,-2.803682183,-2.665039047,0.646423876,0.732104977,0.90610056,0.895808363,0.848072583,0.733254374,0.44492971,-0.48504243,2.362214496,-0.763981117,-2.82604381,No Hole,3
399,0.002318798,0.002842636,0.004187128,0.004835159,0.019778362,0.034882248,0.043497753,0.053544525,0.044987827,0.039810286,0.02924185,0.006204877,0.003615199,0.003073348,0.003184832,-2.952852411,-0.117910825,-2.80257658,-2.664757859,0.644033516,0.732207365,0.906152692,0.895304834,0.846391199,0.733857084,0.446369331,-0.484223626,2.359492639,-0.763815429,-2.824578558,No Hole,3
400,0.002301704,0.002845353,0.004164247,0.004830481,0.019761201,0.034860023,0.043516603,0.053563444,0.044976608,0.039861346,0.029222096,0.006211332,0.003618342,0.003076505,0.003185564,-2.954838671,-0.118852132,-2.802553112,-2.664353428,0.641383147,0.732118332,0.905831902,0.895299719,0.845307117,0.735579497,0.447730262,-0.482892074,2.355225018,-0.764022964,-2.824385462,No Hole,3
401,0.002167761,0.002846666,0.004135495,0.004836563,0.019748962,0.034865892,0.0435221,0.05350709,0.044973603,0.039826337,0.029245166,0.006214104,0.003628173,0.003077482,0.003207309,-2.935761443,-0.120605201,-2.801492542,-2.664283722,0.638750666,0.731993394,0.905592347,0.894570868,0.845769813,0.7357552,0.447531421,-0.480454125,2.353161975,-0.762920815,-2.819216614,No Hole,3
402,0.002171125,0.002846369,0.004146183,0.004834948,0.019745604,0.034886834,0.043546993,0.053514302,0.044954376,0.039844108,0.02927408,0.006201035,0.003620495,0.003080089,0.003210845,-2.936042385,-0.119249619,-2.799874084,-2.66380954,0.63909892,0.731328538,0.905241618,0.894711476,0.844037664,0.734563783,0.446101936,-0.481826826,2.350112419,-0.762642783,-2.819925167,No Hole,3
403,0.002166233,0.002847001,0.00413038,0.004830198,0.019744092,0.034875574,0.04356336,0.053584633,0.044953577,0.039878304,0.029274511,0.00619509,0.003596732,0.003077524,0.003217219,-2.9320487,-0.119388423,-2.79964676,-2.663923586,0.638269599,0.732493795,0.904811505,0.894431219,0.845458923,0.73519955,0.446630551,-0.483051911,2.349533917,-0.761183064,-2.818661628,No Hole,3
404,0.002168772,0.002848401,0.004121119,0.004826646,0.019730587,0.034864038,0.043563951,0.053558469,0.045018034,0.03985232,0.029241839,0.006202715,0.003596698,0.00307695,0.003217768,-2.931530227,-0.120772368,-2.798171288,-2.662024833,0.634826214,0.731696209,0.903610127,0.894539538,0.845893074,0.733837799,0.448299183,-0.482902336,2.34887773,-0.75991453,-2.818204013,No Hole,3
405,0.002457467,0.001640995,0.005181032,0.005609673,0.024206407,0.041347232,0.047306521,0.056966682,0.055843384,0.040181481,0.03200465,0.005759538,0.006160263,0.002156596,0.002465587,-1.471062211,0.928617076,-2.813284664,-1.497541487,0.49672729,0.822322725,0.967263304,0.751849673,0.751029598,0.591214897,0.540012157,-0.933480479,2.76036489,-0.060866218,-1.508957249,No Hole,4
406,0.002454515,0.00163529,0.005199132,0.005611081,0.024225359,0.041314436,0.047284434,0.056976068,0.055819752,0.040184664,0.031993312,0.005756863,0.006159077,0.002161118,0.002457204,-1.469118115,0.933307698,-2.809639445,-1.498084075,0.495796046,0.822573811,0.967433127,0.752794994,0.750906637,0.590750078,0.54034391,-0.93388895,2.759444602,-0.062627485,-1.508114073,No Hole,4
407,0.002451453,0.001644093,0.005196617,0.005601021,0.024262373,0.04131732,0.047274221,0.05702861,0.055819194,0.040192111,0.031966413,0.005756636,0.006164406,0.002153161,0.002459235,-1.46902476,0.929580692,-2.807226037,-1.499633041,0.495367995,0.822720626,0.96766808,0.754971735,0.750658862,0.591770222,0.542066026,-0.933518166,2.758278866,-0.058315994,-1.51047705,No Hole,4
408,0.002445893,0.001641182,0.005199369,0.005603722,0.024241799,0.041332177,0.047236374,0.057090712,0.055824068,0.040174701,0.032000538,0.00576187,0.006163103,0.002142904,0.002459114,-1.469107659,0.932936567,-2.806912624,-1.499550572,0.497969997,0.822682819,0.967993128,0.756348959,0.752126859,0.593045518,0.543104998,-0.93489477,2.758446785,-0.056821222,-1.508780683,No Hole,4
409,0.002450668,0.001642822,0.005201525,0.005603622,0.024272153,0.041304875,0.04719696,0.057057429,0.055880281,0.040166845,0.032025686,0.005760944,0.006162585,0.002136928,0.002463668,-1.46614178,0.930181444,-2.803928955,-1.499189643,0.499401329,0.822364334,0.968467928,0.75660933,0.751316393,0.592656942,0.544064377,-0.936420511,2.758853509,-0.060060835,-1.508356138,No Hole,4
410,0.002446335,0.001641493,0.00519808,0.005606401,0.024251508,0.041325045,0.047201052,0.056996001,0.055935612,0.040178771,0.032009041,0.005753613,0.006166619,0.002141714,0.002466324,-1.467294799,0.931360864,-2.804315835,-1.497264516,0.502789115,0.822087049,0.968515482,0.753017127,0.752375498,0.591586298,0.545763446,-0.937091973,2.75780301,-0.05590815,-1.506875264,No Hole,4
411,0.002444363,0.0016421,0.005210841,0.005606414,0.024256221,0.041315104,0.047184157,0.056982608,0.055937611,0.040204872,0.032015502,0.005746225,0.006164659,0.002136047,0.002464928,-1.465234798,0.927500752,-2.800950032,-1.496451532,0.503335828,0.822127994,0.969319723,0.751135088,0.752998551,0.593621316,0.547608205,-0.938310626,2.757985543,-0.054145467,-1.507192075,No Hole,4
412,0.00244191,0.001649713,0.005207416,0.005616888,0.024243736,0.041321931,0.04720087,0.057098067,0.055958481,0.040196007,0.031995788,0.00573802,0.00616815,0.002132506,0.002472576,-1.464280177,0.931736421,-2.802715782,-1.495802659,0.505180168,0.822280813,0.969183854,0.756111158,0.753400397,0.593112115,0.544990957,-0.939195892,2.758478379,-0.053364027,-1.506521543,No Hole,4
413,0.00244071,0.001652975,0.00520415,0.005626838,0.024278403,0.041286569,0.047177114,0.05709374,0.05594879,0.040194107,0.032008505,0.005732075,0.006163927,0.002136333,0.002469128,-1.463310906,0.928797386,-2.797874777,-1.495542201,0.506145621,0.822373892,0.970043554,0.756280695,0.75272478,0.59256481,0.544403493,-0.938185753,2.757903467,-0.051497334,-1.508920127,No Hole,4
414,0.002444201,0.00165681,0.005208327,0.005635618,0.024268277,0.041296795,0.047164924,0.057095989,0.055965591,0.040185721,0.032008163,0.005716386,0.006160802,0.002138199,0.002470481,-1.462890784,0.933020782,-2.796228223,-1.49386442,0.510347827,0.822095324,0.97041685,0.755021292,0.753881006,0.592124609,0.544073123,-0.938119767,2.758144021,-0.052265161,-1.506435234,No Hole,4
415,0.002439712,0.001665437,0.00520838,0.005654066,0.024287333,0.041307932,0.047160869,0.057017584,0.055984583,0.04020563,0.032022738,0.005719332,0.006161888,0.002136531,0.002470596,-1.461801159,0.930624408,-2.79718315,-1.491222645,0.521173061,0.821788001,0.969952433,0.753170771,0.753970885,0.594004392,0.546144174,-0.937364859,2.757575782,-0.053014382,-1.509497749,No Hole,4
416,0.002438553,0.00166505,0.005213309,0.005644976,0.024236331,0.041296051,0.047156988,0.057022965,0.056035082,0.040234361,0.032005323,0.005710994,0.006166821,0.002132651,0.002473626,-1.458692648,0.932769191,-2.796020335,-1.490512145,0.533184268,0.821614003,0.969665517,0.752936652,0.754755004,0.593920351,0.546005367,-0.936613407,2.756994155,-0.052055134,-1.509360358,No Hole,4
417,0.002433894,0.00166584,0.005211072,0.005647072,0.024246708,0.041287654,0.04713816,0.05702987,0.056002188,0.040201348,0.032005968,0.005709398,0.006166369,0.002133124,0.002477375,-1.457692403,0.932457382,-2.798738568,-1.490657354,0.533452855,0.822494341,0.969571838,0.752218645,0.754181268,0.593789292,0.544500648,-0.936232506,2.757578473,-0.051381303,-1.510605016,No Hole,4
418,0.002431405,0.001666864,0.005205751,0.005655772,0.024226024,0.04128474,0.047133863,0.057030692,0.055954269,0.040210555,0.032008679,0.00570336,0.006161947,0.002134761,0.002473349,-1.457788444,0.933342608,-2.802069039,-1.491342968,0.532249957,0.821923354,0.969180841,0.753023261,0.754354242,0.59412674,0.544592884,-0.936404842,2.756898521,-0.050439652,-1.507303331,No Hole,4
419,0.002428552,0.001670715,0.005199481,0.005651789,0.024280638,0.041266742,0.047100279,0.057019116,0.055948801,0.040173807,0.032007553,0.005702513,0.006165717,0.002131426,0.002481276,-1.457064882,0.936271693,-2.804466393,-1.489653313,0.52979324,0.821947486,0.969455437,0.752124286,0.755582957,0.593678336,0.545581593,-0.936063291,2.757653934,-0.050907632,-1.508573484,No Hole,4
,,,,,,,,,,,,,,,,,,,,,,,,,,,,,,,,
